City_ID,City,Country,Date,Lat,Lng,Max Temp,Humidity,Cloudiness,Wind Speed
0,Bandarbeyla,SO,2021-08-07 04:36:24,9.4942,50.8122,81.43,59,47,26.26
1,Fianarantsoa,MG,2021-08-07 04:36:24,-21.4333,47.0833,54.75,75,0,2.1
2,Ballina,AU,2021-08-07 04:36:25,-28.8667,153.5667,73.58,60,0,10.36
3,Port Alfred,ZA,2021-08-07 04:36:25,-33.5906,26.891,55.17,83,0,4.05
4,Hobart,AU,2021-08-07 04:36:26,-42.8794,147.3294,50.05,67,75,4.0
5,Hasaki,JP,2021-08-07 04:36:26,35.7333,140.8333,84.49,78,100,7.72
6,Airai,TL,2021-08-07 04:36:27,-8.9266,125.4092,75.15,36,74,4.65
7,Khatanga,RU,2021-08-07 04:36:27,71.9667,102.5,60.57,45,64,10.89
8,Longyearbyen,SJ,2021-08-07 04:36:27,78.2186,15.6401,48.04,71,75,8.05
9,Margate,GB,2021-08-07 04:35:24,51.3813,1.3862,61.3,87,52,1.99
10,West Bay,KY,2021-08-07 04:36:28,19.3667,-81.4167,84.0,82,58,7.27
11,Yellowknife,CA,2021-08-07 04:32:18,62.456,-114.3525,68.52,60,75,3.44
12,Bluff,NZ,2021-08-07 04:36:28,-46.6,168.3333,43.81,68,96,19.19
13,Sosua,DO,2021-08-07 04:36:28,19.7667,-70.5167,80.58,90,10,8.61
14,New Norfolk,AU,2021-08-07 04:36:29,-42.7826,147.0587,49.71,60,57,3.0
15,Tuktoyaktuk,CA,2021-08-07 04:36:29,69.4541,-133.0374,42.8,81,90,11.5
16,Avarua,CK,2021-08-07 04:36:29,-21.2078,-159.775,77.05,78,20,11.5
17,Kaitangata,NZ,2021-08-07 04:36:30,-46.2817,169.8464,41.61,90,100,10.98
18,Ushuaia,AR,2021-08-07 04:36:30,-54.8,-68.3,29.86,86,90,8.05
19,Caucaia,BR,2021-08-07 04:36:30,-3.7361,-38.6531,80.55,71,0,11.5
20,Broken Hill,AU,2021-08-07 04:36:31,-31.95,141.4333,60.51,41,40,6.91
21,Sao Filipe,CV,2021-08-07 04:36:31,14.8961,-24.4956,76.86,84,100,7.85
22,Progreso,MX,2021-08-07 04:36:31,21.2833,-89.6667,75.31,79,51,10.8
23,Vaini,TO,2021-08-07 04:36:32,-21.2,-175.2,75.36,73,20,14.97
24,Butaritari,KI,2021-08-07 04:31:41,3.0707,172.7902,84.42,60,0,8.63
25,Hammerfest,NO,2021-08-07 04:36:18,70.6634,23.6821,61.25,72,97,0.0
26,Atuona,PF,2021-08-07 04:36:32,-9.8,-139.0333,77.58,83,20,19.26
27,Kruisfontein,ZA,2021-08-07 04:36:33,-34.0033,24.7314,46.89,92,0,3.89
28,Hithadhoo,MV,2021-08-07 04:36:33,-0.6,73.0833,81.52,68,99,3.22
29,Ancud,CL,2021-08-07 04:36:33,-41.8697,-73.8203,42.22,84,42,8.61
30,Sitka,US,2021-08-07 04:31:49,57.0531,-135.33,60.69,77,75,4.61
31,Saskylakh,RU,2021-08-07 04:36:34,71.9167,114.0833,49.28,72,100,4.65
32,Hala,PK,2021-08-07 04:36:34,25.8131,68.4227,85.98,50,82,17.78
33,Puerto Ayora,EC,2021-08-07 04:36:34,-0.7393,-90.3518,69.55,86,84,5.99
34,Rikitea,PF,2021-08-07 04:36:35,-23.1203,-134.9692,74.53,76,10,7.92
35,Izhma,RU,2021-08-07 04:36:35,65.0083,53.9113,54.39,68,100,6.82
36,Punta Arenas,CL,2021-08-07 04:36:35,-53.15,-70.9167,35.62,93,75,11.5
37,Poum,NC,2021-08-07 04:36:36,-20.2333,164.0167,69.78,63,100,9.73
38,East London,ZA,2021-08-07 04:36:36,-33.0153,27.9116,50.94,87,0,2.3
39,Navrongo,GH,2021-08-07 04:36:36,10.8956,-1.0921,73.67,91,88,4.94
40,Lebu,CL,2021-08-07 04:36:37,-37.6167,-73.65,49.53,88,100,6.2
41,Mar Del Plata,AR,2021-08-07 04:36:37,-38.0023,-57.5575,53.62,100,90,8.05
42,Tiksi,RU,2021-08-07 04:36:37,71.6872,128.8694,49.66,70,29,3.15
43,Prince Rupert,CA,2021-08-07 04:32:28,54.3161,-130.3201,59.09,88,90,2.3
44,Georgetown,MY,2021-08-07 04:32:31,5.4112,100.3354,89.55,66,20,1.14
45,Evensk,RU,2021-08-07 04:36:38,61.95,159.2333,56.14,75,100,10.54
46,Cape Town,ZA,2021-08-07 04:32:12,-33.9258,18.4232,48.61,93,90,1.14
47,Lusambo,CD,2021-08-07 04:36:38,-4.9667,23.45,71.46,37,89,1.86
48,Ilulissat,GL,2021-08-07 04:36:39,69.2167,-51.1,46.42,66,100,12.66
49,Rio Gallegos,AR,2021-08-07 04:36:39,-51.6226,-69.2181,39.25,60,90,33.38
50,Ribeira Grande,PT,2021-08-07 04:36:39,38.5167,-28.7,69.94,68,93,14.36
51,Tasiilaq,GL,2021-08-07 04:36:40,65.6145,-37.6368,42.96,92,100,1.7
52,Bell Ville,AR,2021-08-07 04:36:40,-32.6259,-62.6887,52.66,62,26,8.68
53,Gambiran,ID,2021-08-07 04:36:40,-6.7988,111.4951,88.45,55,42,14.63
54,Tilichiki,RU,2021-08-07 04:36:41,60.4667,166.1,55.51,64,98,6.62
55,Macultepec,MX,2021-08-07 04:36:41,18.1667,-92.8333,76.21,91,90,5.26
56,Rusape,ZW,2021-08-07 04:36:41,-18.5278,32.1284,51.28,56,0,1.48
57,San Quintin,MX,2021-08-07 04:36:42,30.4833,-115.95,67.86,85,2,5.39
58,Xai-Xai,MZ,2021-08-07 04:36:42,-25.0519,33.6442,63.66,71,0,4.14
59,Norman Wells,CA,2021-08-07 04:36:42,65.282,-126.8329,51.84,66,90,13.8
60,High Rock,BS,2021-08-07 04:36:43,26.6208,-78.2833,84.22,76,3,12.12
61,Scarborough,GB,2021-08-07 04:32:29,54.2797,-0.4044,55.53,90,56,4.0
62,Albany,US,2021-08-07 04:36:43,42.6001,-73.9662,68.67,86,63,2.1
63,Klaksvik,FO,2021-08-07 04:36:44,62.2266,-6.589,63.52,90,93,15.99
64,Flin Flon,CA,2021-08-07 04:36:44,54.7682,-101.865,61.86,77,27,9.13
65,Berbera,SO,2021-08-07 04:36:44,10.4396,45.0143,92.14,35,26,24.85
66,Charagua,BO,2021-08-07 04:36:44,-19.8,-63.2167,61.0,55,0,5.06
67,Kondopoga,RU,2021-08-07 04:36:45,62.2057,34.2614,60.48,67,21,9.86
68,Tenenkou,ML,2021-08-07 04:36:45,14.4572,-4.9169,80.17,71,93,10.74
69,Kapaa,US,2021-08-07 04:36:46,22.0752,-159.319,84.18,69,40,5.01
70,Jamestown,US,2021-08-07 04:35:30,42.097,-79.2353,68.72,93,20,4.61
71,Japura,ID,2021-08-07 04:36:46,-0.3167,102.35,93.34,49,96,3.74
72,Mataura,NZ,2021-08-07 04:32:28,-46.1927,168.8643,43.48,92,99,7.94
73,Bairiki,KI,2021-08-07 04:36:46,1.3292,172.9752,86.0,62,20,10.36
74,Mahebourg,MU,2021-08-07 04:36:47,-20.4081,57.7,71.26,73,75,11.5
75,Barrow,US,2021-08-07 04:32:29,71.2906,-156.7887,39.22,75,90,12.66
76,Isangel,VU,2021-08-07 04:36:47,-19.55,169.2667,75.31,60,75,13.8
77,Provideniya,RU,2021-08-07 04:36:48,64.3833,-173.3,46.36,82,100,7.07
78,Salalah,OM,2021-08-07 04:36:48,17.0151,54.0924,78.89,89,90,9.22
79,Dikson,RU,2021-08-07 04:36:48,73.5069,80.5464,49.78,73,31,10.42
80,Busselton,AU,2021-08-07 04:36:48,-33.65,115.3333,67.05,76,28,19.19
81,Hargeysa,SO,2021-08-07 04:36:49,9.56,44.065,72.64,48,31,30.11
82,Esso,RU,2021-08-07 04:36:49,55.9333,158.7,52.21,68,89,4.88
83,Russell,US,2021-08-07 04:36:50,32.3502,-85.1999,76.6,92,90,0.0
84,Noumea,NC,2021-08-07 04:33:25,-22.2763,166.4572,71.58,60,95,12.01
85,San Jose De Guanipa,VE,2021-08-07 04:36:50,8.8872,-64.1651,74.07,86,42,4.72
86,Hilo,US,2021-08-07 04:36:51,19.7297,-155.09,74.93,88,75,5.75
87,Puerto Leguizamo,CO,2021-08-07 04:36:51,-0.1934,-74.7819,69.35,92,3,0.74
88,Bethel,US,2021-08-07 04:36:51,41.3712,-73.414,73.71,80,40,0.0
89,Pangoa,PE,2021-08-07 04:36:51,-12.1167,-73.0,64.62,69,0,3.58
90,Ucluelet,CA,2021-08-07 04:36:52,48.9329,-125.5528,59.09,94,100,6.62
91,Cayenne,GF,2021-08-07 04:36:52,4.9333,-52.3333,77.09,89,0,3.44
92,Guerrero Negro,MX,2021-08-07 04:36:53,27.9769,-114.0611,71.96,81,1,10.78
93,Kodiak,US,2021-08-07 04:33:11,57.79,-152.4072,60.31,77,90,0.0
94,Yumen,CN,2021-08-07 04:36:53,40.2833,97.2,81.32,16,99,5.82
95,Marquette,US,2021-08-07 04:36:53,46.5333,-87.6335,60.76,89,17,3.65
96,Rocha,UY,2021-08-07 04:36:54,-34.4833,-54.3333,55.58,95,2,7.9
97,Zhangye,CN,2021-08-07 04:36:54,38.9342,100.4517,83.66,19,99,20.94
98,Heihe,CN,2021-08-07 04:36:54,50.2441,127.4902,79.38,60,7,3.13
99,Katangli,RU,2021-08-07 04:36:55,51.7102,143.2326,56.19,80,86,10.78
100,Opuwo,NA,2021-08-07 04:36:55,-18.0607,13.84,58.8,30,0,5.23
101,Qaanaaq,GL,2021-08-07 04:32:27,77.484,-69.3632,37.8,72,11,6.29
102,Hamilton,US,2021-08-07 04:35:34,39.1834,-84.5333,74.59,83,20,0.0
103,Grindavik,IS,2021-08-07 04:36:56,63.8424,-22.4338,50.56,100,75,1.14
104,Carnarvon,AU,2021-08-07 04:36:56,-24.8667,113.6333,78.87,70,75,24.16
105,Grafton,US,2021-08-07 04:33:46,42.207,-71.6856,70.57,90,1,8.05
106,Tinqueux,FR,2021-08-07 04:36:56,49.25,3.9833,60.82,82,0,8.05
107,Sinnamary,GF,2021-08-07 04:36:57,5.3833,-52.95,74.8,91,78,5.79
108,Korla,CN,2021-08-07 04:36:57,41.7597,86.1469,90.14,21,2,7.07
109,Pekan,MY,2021-08-07 04:36:57,3.4836,103.3996,89.71,51,66,3.02
110,Victoria,HK,2021-08-07 04:35:38,22.2855,114.1577,89.65,86,100,13.51
111,Wladyslawowo,PL,2021-08-07 04:36:58,54.7909,18.4009,59.94,71,100,11.9
112,Lagoa,PT,2021-08-07 04:36:58,39.05,-27.9833,69.53,65,100,13.65
113,Bambous Virieux,MU,2021-08-07 04:36:58,-20.3428,57.7575,71.22,73,75,11.5
114,Clyde River,CA,2021-08-07 04:36:59,70.4692,-68.5914,34.03,100,90,8.05
115,Flinders,AU,2021-08-07 04:36:59,-34.5833,150.8552,69.19,50,4,4.0
116,Novyy Urengoy,RU,2021-08-07 04:36:59,66.0833,76.6333,76.44,37,5,7.67
117,Chengde,CN,2021-08-07 04:37:00,40.9725,117.9361,83.32,55,36,1.23
118,Pathein,MM,2021-08-07 04:37:00,16.7833,94.7333,87.06,68,98,11.79
119,Cabo San Lucas,MX,2021-08-07 04:33:55,22.8909,-109.9124,84.61,76,73,8.77
120,Nakambala,ZM,2021-08-07 04:37:01,-15.8324,27.7799,57.52,44,0,5.37
121,Tucuma,BR,2021-08-07 04:37:01,-0.1833,-50.05,75.34,92,61,5.44
122,Bengkulu,ID,2021-08-07 04:33:17,-3.8004,102.2655,84.63,70,16,7.09
123,Griffith,US,2021-08-07 04:37:01,41.5284,-87.4237,72.27,91,90,4.61
124,Ahipara,NZ,2021-08-07 04:37:02,-35.1667,173.1667,57.16,78,8,16.4
125,Aklavik,CA,2021-08-07 04:37:02,68.2191,-135.0107,43.63,77,100,11.68
126,Raudeberg,NO,2021-08-07 04:37:02,61.9875,5.1352,64.87,51,36,8.55
127,Farafangana,MG,2021-08-07 04:37:03,-22.8167,47.8333,66.2,81,23,3.47
128,Coquimbo,CL,2021-08-07 04:37:03,-29.9533,-71.3436,53.33,93,90,3.44
129,Kandrian,PG,2021-08-07 04:37:03,-6.2167,149.55,79.79,87,92,14.18
130,Wenling,CN,2021-08-07 04:37:04,28.3669,121.36,84.63,76,100,18.05
131,Bugene,TZ,2021-08-07 04:37:04,-1.5911,31.1403,64.96,57,67,2.17
132,San Jose,US,2021-08-07 04:32:10,37.3394,-121.895,74.7,68,90,8.05
133,Teya,RU,2021-08-07 04:37:04,60.3778,92.6267,81.23,35,99,1.1
134,Thompson,CA,2021-08-07 04:37:05,55.7435,-97.8558,62.76,72,75,6.91
135,Makakilo City,US,2021-08-07 04:37:05,21.3469,-158.0858,82.72,59,1,9.22
136,Port Keats,AU,2021-08-07 04:37:05,-14.25,129.55,88.03,17,5,1.79
137,Coahuayana,MX,2021-08-07 04:37:06,18.7333,-103.6833,76.17,94,100,3.53
138,Cherskiy,RU,2021-08-07 04:37:06,68.75,161.3,65.19,55,46,4.03
139,Yaguaron,PY,2021-08-07 04:37:06,-25.6,-57.3,60.75,59,0,6.49
140,Matay,EG,2021-08-07 04:37:07,28.419,30.7792,87.66,32,0,3.2
141,Pustomyty,UA,2021-08-07 04:37:07,49.7153,23.913,53.82,82,0,4.47
142,Saldanha,ZA,2021-08-07 04:37:07,-33.0117,17.9442,44.65,76,57,3.33
143,Castro,BR,2021-08-07 04:37:08,-24.7911,-50.0119,53.58,95,99,6.46
144,Torbay,CA,2021-08-07 04:37:08,47.6666,-52.7314,69.67,93,90,14.97
145,Te Anau,NZ,2021-08-07 04:37:08,-45.4167,167.7167,41.18,80,33,4.92
146,Cochabamba,BO,2021-08-07 04:37:09,-17.3895,-66.1568,60.55,39,1,9.22
147,Yaqui,MX,2021-08-07 04:37:09,27.3667,-110.1667,85.48,67,16,8.01
148,Nikolskoye,RU,2021-08-07 04:37:09,59.7035,30.7861,59.02,96,100,9.15
149,Pangnirtung,CA,2021-08-07 04:37:10,66.1451,-65.7125,41.0,75,90,3.44
150,Kavieng,PG,2021-08-07 04:37:10,-2.5744,150.7967,83.39,75,55,15.35
151,Teguise,ES,2021-08-07 04:37:10,29.0605,-13.564,66.42,94,75,6.91
152,Geraldton,AU,2021-08-07 04:37:11,-28.7667,114.6,63.01,59,90,14.97
153,La Asuncion,VE,2021-08-07 04:37:11,11.0333,-63.8628,82.13,78,35,6.91
154,Mehamn,NO,2021-08-07 04:37:11,71.0357,27.8492,60.55,68,100,6.4
155,Gannan,CN,2021-08-07 04:37:12,47.9147,123.5031,80.62,59,5,2.95
156,Katsuura,JP,2021-08-07 04:37:12,35.1333,140.3,84.31,80,100,7.9
157,Hermanus,ZA,2021-08-07 04:37:12,-34.4187,19.2345,46.9,79,25,3.69
158,Waingapu,ID,2021-08-07 04:37:13,-9.6567,120.2641,84.47,53,80,19.93
159,Eureka,US,2021-08-07 04:37:13,40.8021,-124.1637,63.63,78,82,1.01
160,Yanam,IN,2021-08-07 04:37:13,16.7333,82.2167,88.2,45,73,6.24
161,Saint-Pierre,RE,2021-08-07 04:37:13,-21.3393,55.4781,70.29,64,20,2.3
162,Najran,SA,2021-08-07 04:37:14,17.4924,44.1277,83.05,27,92,5.14
163,Villaviciosa,ES,2021-08-07 04:37:14,43.4813,-5.4357,64.02,84,68,3.96
164,Kiunga,PG,2021-08-07 04:37:14,-6.1219,141.2906,82.09,72,100,3.58
165,Aleksandrov Gay,RU,2021-08-07 04:37:15,50.147,48.5704,80.96,25,7,11.14
166,Khani,GE,2021-08-07 04:37:15,41.9563,42.9566,80.17,39,33,6.02
167,Bredasdorp,ZA,2021-08-07 04:37:15,-34.5322,20.0403,51.12,93,20,5.75
168,Kirkenes,NO,2021-08-07 04:37:16,69.7271,30.0458,58.15,77,29,6.91
169,Nanortalik,GL,2021-08-07 04:37:16,60.1432,-45.2371,44.55,77,99,8.12
170,Ponta Do Sol,PT,2021-08-07 04:37:16,32.6667,-17.1,72.01,79,7,4.97
171,Kungurtug,RU,2021-08-07 04:37:17,50.5994,97.5228,52.84,95,100,2.08
172,Panguna,PG,2021-08-07 04:37:17,-6.3164,155.4848,75.13,85,91,3.11
173,Marolambo,MG,2021-08-07 04:37:17,-20.05,48.1167,62.1,86,7,1.19
174,Lillesand,NO,2021-08-07 04:37:18,58.2488,8.3778,64.44,63,75,13.8
175,Shache,CN,2021-08-07 04:37:18,38.4167,77.2406,88.18,23,91,5.1
176,Maniitsoq,GL,2021-08-07 04:37:18,65.4167,-52.9,42.33,93,100,11.79
177,Tarakan,ID,2021-08-07 04:37:19,3.3,117.6333,87.3,74,40,5.75
178,Naze,JP,2021-08-07 04:37:19,28.3667,129.4833,83.32,84,77,18.32
179,Namibe,AO,2021-08-07 04:37:19,-15.1961,12.1522,67.5,85,0,5.35
180,Hambantota,LK,2021-08-07 04:37:20,6.1241,81.1185,86.34,74,75,17.27
181,Asau,RO,2021-08-07 04:37:20,46.4333,26.4,64.96,66,0,2.59
182,Port Elizabeth,ZA,2021-08-07 04:37:20,-33.918,25.5701,49.1,93,20,3.44
183,Dodge City,US,2021-08-07 04:37:21,37.7528,-100.0171,81.91,57,1,8.99
184,Ponta Delgada,PT,2021-08-07 04:37:21,37.7333,-25.6667,68.72,73,75,12.66
185,Bathsheba,BB,2021-08-07 04:37:21,13.2167,-59.5167,81.21,74,40,11.5
186,Muriwai Beach,NZ,2021-08-07 04:35:16,-36.8167,174.45,57.42,79,8,18.37
187,Vila Velha,BR,2021-08-07 04:37:22,-20.3297,-40.2925,62.55,94,0,4.61
188,Bilibino,RU,2021-08-07 04:37:22,68.0546,166.4372,63.14,33,0,17.65
189,Saint-Philippe,RE,2021-08-07 04:37:22,-21.3585,55.7679,70.21,74,42,12.57
190,Upernavik,GL,2021-08-07 04:37:23,72.7868,-56.1549,41.38,90,100,9.82
191,Sladkovo,RU,2021-08-07 04:37:23,55.5284,70.3385,68.77,83,98,9.44
192,Tautira,PF,2021-08-07 04:37:23,-17.7333,-149.15,78.82,69,7,5.26
193,Troy,US,2021-08-07 04:33:14,42.6056,-83.1499,73.63,79,98,3.0
194,Lotofaga,WS,2021-08-07 04:37:24,-13.9764,-171.8578,85.78,81,40,15.77
195,Cabanas,CU,2021-08-07 04:37:24,22.9758,-82.9219,79.27,84,9,7.07
196,Rassvet,RU,2021-08-07 04:37:25,46.8333,40.75,80.73,45,100,8.95
197,Suluq,LY,2021-08-07 04:37:25,31.6682,20.2521,78.89,75,0,7.56
198,Eyl,SO,2021-08-07 04:37:25,7.9803,49.8164,80.56,55,78,25.01
199,Wawa,NG,2021-08-07 04:37:26,9.9022,4.4192,72.14,94,85,6.02
200,Mayo,US,2021-08-07 04:37:26,38.8876,-76.5119,77.9,80,1,0.0
201,Chizhou,CN,2021-08-07 04:37:26,30.6578,117.4831,89.35,64,95,10.65
202,Esperance,AU,2021-08-07 04:37:27,-33.8667,121.9,67.84,48,0,15.61
203,Pevek,RU,2021-08-07 04:37:27,69.7008,170.3133,46.38,62,8,8.12
204,Magnolia,US,2021-08-07 04:37:27,33.2671,-93.2393,74.88,69,8,5.17
205,Yelanskiy,RU,2021-08-07 04:37:28,56.8419,62.5014,63.52,55,0,9.8
206,Helena,US,2021-08-07 04:35:56,46.5927,-112.0361,74.39,39,1,5.01
207,Shingu,JP,2021-08-07 04:37:28,33.7333,135.9833,90.59,87,100,11.74
208,Kachiry,KZ,2021-08-07 04:37:29,53.0675,76.1036,82.44,33,73,11.07
209,Tapes,BR,2021-08-07 04:37:29,-30.6733,-51.3958,57.9,93,96,5.93
210,Comodoro Rivadavia,AR,2021-08-07 04:37:23,-45.8667,-67.5,44.46,45,0,20.71
211,Pasni,PK,2021-08-07 04:37:29,25.2631,63.471,81.07,81,35,5.53
212,Chumikan,RU,2021-08-07 04:37:30,54.7183,135.315,52.9,93,100,16.26
213,Chuy,UY,2021-08-07 04:37:30,-33.6971,-53.4616,54.82,94,8,5.61
214,Bethanien,NA,2021-08-07 04:37:30,-26.502,17.1583,50.4,21,5,3.98
215,San Patricio,US,2021-08-07 04:37:31,28.017,-97.5169,84.85,78,7,11.14
216,Cidreira,BR,2021-08-07 04:37:31,-30.1811,-50.2056,60.04,92,81,13.82
217,Rongcheng,CN,2021-08-07 04:37:31,30.634,117.8517,89.6,65,91,8.57
218,Kirakira,SB,2021-08-07 04:37:32,-10.4544,161.9205,82.17,77,27,8.79
219,Arraial Do Cabo,BR,2021-08-07 04:37:32,-22.9661,-42.0278,67.15,71,93,14.65
220,Tambun,ID,2021-08-07 04:37:32,-6.2641,107.0712,89.64,58,20,11.5
221,Kamenka,RU,2021-08-07 04:37:33,51.3223,42.7678,74.97,35,56,13.53
222,Andenes,NO,2021-08-07 04:37:33,69.3143,16.1194,61.47,94,75,0.0
223,Tambura,SS,2021-08-07 04:37:33,5.6,27.4667,68.85,96,85,5.95
224,Takaka,NZ,2021-08-07 04:34:07,-40.85,172.8,53.56,68,15,6.87
225,Correntina,BR,2021-08-07 04:37:34,-13.3433,-44.6367,68.18,60,86,10.09
226,Meulaboh,ID,2021-08-07 04:37:34,4.1363,96.1285,85.8,65,81,5.5
227,Fereydunshahr,IR,2021-08-07 04:37:35,32.941,50.121,69.03,27,9,9.1
228,Genova,IT,2021-08-07 04:37:35,44.5,9.0667,68.13,78,20,3.24
229,Sechura,PE,2021-08-07 04:37:35,-5.5569,-80.8222,63.91,84,19,11.41
230,Nanakuli,US,2021-08-07 04:37:35,21.3906,-158.1547,84.15,56,1,9.22
231,Marawi,PH,2021-08-07 04:37:36,7.9986,124.2928,87.4,47,98,2.82
232,Satipo,PE,2021-08-07 04:37:36,-11.2522,-74.6386,69.89,66,65,2.93
233,Fare,PF,2021-08-07 04:37:36,-16.7,-151.0167,78.31,71,21,8.61
234,Lethem,GY,2021-08-07 04:37:37,3.3803,-59.7968,74.1,92,99,2.51
235,Husavik,IS,2021-08-07 04:37:37,66.0449,-17.3389,48.11,80,17,3.83
236,Muros,ES,2021-08-07 04:37:37,42.7762,-9.0603,62.24,95,7,6.22
237,Dingle,PH,2021-08-07 04:37:38,10.9995,122.6711,91.35,55,100,13.53
238,Wageningen,NL,2021-08-07 04:37:38,51.9667,5.6667,60.08,93,90,6.91
239,Tartagal,AR,2021-08-07 04:37:38,-22.5164,-63.8013,61.92,49,0,4.03
240,Hofn,IS,2021-08-07 04:37:39,64.2539,-15.2082,53.01,81,100,7.0
241,Vanimo,PG,2021-08-07 04:37:39,-2.6741,141.3028,78.8,80,100,4.12
242,Kedrovyy,RU,2021-08-07 04:37:39,56.1667,91.8167,66.61,48,57,3.94
243,Wermelskirchen,DE,2021-08-07 04:37:40,51.15,7.2167,58.73,94,50,5.19
244,Boguchany,RU,2021-08-07 04:37:40,58.3814,97.4531,79.79,34,68,5.82
245,Severo-Kurilsk,RU,2021-08-07 04:37:40,50.6789,156.125,54.84,79,100,6.17
246,Sabang,ID,2021-08-07 04:37:41,5.8933,95.3214,83.59,74,58,15.17
247,Majene,ID,2021-08-07 04:37:41,-3.5403,118.9707,86.65,62,58,4.54
248,Kyabram,AU,2021-08-07 04:37:41,-36.3167,145.05,58.87,64,100,8.61
249,Mahibadhoo,MV,2021-08-07 04:37:42,3.7833,72.9667,80.44,83,100,20.69
250,Diego De Almagro,CL,2021-08-07 04:37:42,-26.3667,-70.05,51.44,51,2,1.19
251,Duliagaon,IN,2021-08-07 04:37:42,27.3667,95.3167,91.27,90,87,6.71
252,Nishihara,JP,2021-08-07 04:37:43,26.1842,127.7558,87.46,89,90,18.41
253,Atar,MR,2021-08-07 04:37:43,20.5169,-13.0499,82.8,50,29,9.24
254,Petrivka,UA,2021-08-07 04:37:43,46.9695,30.9591,66.65,76,100,12.66
255,Sancti Spiritus,CU,2021-08-07 04:37:44,21.9297,-79.4425,76.59,90,100,6.06
256,Ustye,RU,2021-08-07 04:37:44,59.6304,39.736,58.05,90,100,8.81
257,Constitucion,CL,2021-08-07 04:37:44,-35.3333,-72.4167,50.23,91,53,6.15
258,Olafsvik,IS,2021-08-07 04:37:45,64.8945,-23.7142,52.57,85,66,3.71
259,Labuhan,ID,2021-08-07 04:37:45,-6.8844,112.2051,88.34,60,31,14.76
260,Araouane,ML,2021-08-07 04:37:45,18.9048,-3.5265,92.07,37,26,12.21
261,Chokurdakh,RU,2021-08-07 04:37:46,70.6333,147.9167,61.43,57,82,9.28
262,Bundaberg,AU,2021-08-07 04:37:46,-24.85,152.35,73.69,35,75,12.66
263,Adrar,MR,2021-08-07 04:37:46,20.5022,-10.0711,87.78,39,7,16.55
264,Luanda,AO,2021-08-07 04:35:33,-8.8368,13.2343,71.6,88,90,4.61
265,Sampit,ID,2021-08-07 04:37:47,-2.5333,112.95,94.98,46,50,2.3
266,Shimanovsk,RU,2021-08-07 04:37:47,52.0,127.7,72.72,83,39,3.47
267,Lobito,AO,2021-08-07 04:37:48,-12.3481,13.5456,69.85,91,4,5.14
268,Mugur-Aksy,RU,2021-08-07 04:37:48,50.35,90.5,56.08,56,100,5.91
269,Champerico,GT,2021-08-07 04:37:48,14.3,-91.9167,82.35,85,94,5.59
270,Hami,CN,2021-08-07 04:37:49,42.8,93.45,88.41,13,100,8.5
271,Ampanihy,MG,2021-08-07 04:37:49,-24.7,44.75,68.09,45,3,4.25
272,San Pedro,PH,2021-08-07 04:37:49,14.35,121.0167,90.1,69,75,18.41
273,Souillac,MU,2021-08-07 04:37:50,-20.5167,57.5167,71.37,73,75,11.5
274,Wukari,NG,2021-08-07 04:37:50,7.85,9.7833,72.86,89,100,7.99
275,Garden City,US,2021-08-07 04:34:53,42.3256,-83.331,73.94,83,90,1.01
276,Bugulma,RU,2021-08-07 04:37:51,54.55,52.8,68.58,39,56,4.63
277,Lesogorsk,RU,2021-08-07 04:37:51,56.0458,99.5136,78.6,35,31,7.74
278,Ola,RU,2021-08-07 04:37:51,59.5833,151.2833,62.6,54,43,6.62
279,Kisanga,TZ,2021-08-07 04:37:52,-7.4362,37.7034,72.01,79,11,2.19
280,Maragogi,BR,2021-08-07 04:37:52,-9.0122,-35.2225,73.22,84,52,16.69
281,Zhuanghe,CN,2021-08-07 04:37:52,39.7008,122.9911,83.23,63,1,2.86
282,Tres Arroyos,AR,2021-08-07 04:37:53,-38.3739,-60.2798,58.08,63,100,12.64
283,Solnechnyy,RU,2021-08-07 04:35:48,50.7214,136.6319,54.7,94,100,8.14
284,Omboue,GA,2021-08-07 04:37:53,-1.5746,9.2618,74.03,84,96,6.13
285,Date,JP,2021-08-07 04:37:53,42.4681,140.8681,82.67,74,10,8.41
286,Neftcala,AZ,2021-08-07 04:37:54,39.3742,49.2472,86.68,50,0,8.55
287,Namie,JP,2021-08-07 04:37:54,37.4833,141.0,90.72,77,42,1.01
288,Fuzhou,CN,2021-08-07 04:37:54,26.0614,119.3061,76.89,67,97,1.48
289,Amberley,US,2021-08-07 04:37:55,39.2048,-84.428,73.71,83,20,0.0
290,Luderitz,NA,2021-08-07 04:37:55,-26.6481,15.1594,56.82,55,13,3.94
291,Codrington,AU,2021-08-07 04:37:55,-38.2667,141.9667,54.61,71,100,11.48
292,Sobolevo,RU,2021-08-07 04:37:56,54.4299,31.8996,63.39,94,99,8.72
293,Karema,TZ,2021-08-07 04:37:56,-6.8205,30.4389,72.61,50,4,6.49
294,Seymchan,RU,2021-08-07 04:37:56,62.8833,152.4333,58.95,61,87,12.59
295,Leningradskiy,RU,2021-08-07 04:37:57,69.3833,178.4167,37.92,85,100,6.78
296,Ugoofaaru,MV,2021-08-07 04:37:57,5.6667,73.0,82.8,77,100,18.25
297,Erenhot,CN,2021-08-07 04:37:57,43.6475,111.9767,88.75,16,45,13.87
298,Lorengau,PG,2021-08-07 04:37:58,-2.0226,147.2712,81.34,78,77,5.32
299,Guarapari,BR,2021-08-07 04:37:58,-20.6667,-40.4975,62.49,71,90,3.13
300,Mackenzie,CA,2021-08-07 04:37:59,55.2999,-123.1698,59.22,58,75,4.61
301,Dudinka,RU,2021-08-07 04:37:59,69.4058,86.1778,77.9,35,47,2.21
302,Maun,BW,2021-08-07 04:37:59,-19.9833,23.4167,51.76,50,0,4.61
303,Nome,US,2021-08-07 04:37:59,64.5011,-165.4064,47.16,93,90,10.36
304,Chambersburg,US,2021-08-07 04:38:00,39.9376,-77.6611,76.68,78,99,1.01
305,Muyezerskiy,RU,2021-08-07 04:38:00,63.9333,31.65,56.46,62,0,7.9
306,Sept-Iles,CA,2021-08-07 04:35:06,50.2001,-66.3821,59.52,95,75,4.61
307,Lata,PT,2021-08-07 04:38:01,40.1629,-8.3327,63.81,93,88,2.8
308,Karratha,AU,2021-08-07 04:38:01,-20.7377,116.8463,77.29,33,3,22.93
309,Fortuna,US,2021-08-07 04:38:01,40.5982,-124.1573,63.36,66,72,1.01
310,Faanui,PF,2021-08-07 04:38:02,-16.4833,-151.75,78.55,68,20,9.26
311,Salinopolis,BR,2021-08-07 04:38:02,-0.6136,-47.3561,78.12,84,61,5.12
312,Lynn Haven,US,2021-08-07 04:38:02,30.2455,-85.6483,82.0,82,1,1.01
313,Kavaratti,IN,2021-08-07 04:38:03,10.5669,72.642,81.95,79,98,22.35
314,Huron,US,2021-08-07 04:38:03,41.1501,-82.5499,73.69,78,94,7.31
315,Acapulco,MX,2021-08-07 04:35:19,16.8634,-99.8901,78.17,89,100,9.01
316,Cabedelo,BR,2021-08-07 04:38:04,-6.9811,-34.8339,74.07,86,61,15.7
317,Tazovskiy,RU,2021-08-07 04:38:04,67.4667,78.7,67.35,49,11,5.08
318,Elesbao Veloso,BR,2021-08-07 04:38:04,-6.2019,-42.1403,76.12,55,40,10.02
319,Tual,ID,2021-08-07 04:38:05,-5.6667,132.75,80.38,79,78,19.91
320,Yar-Sale,RU,2021-08-07 04:38:05,66.8333,70.8333,75.54,48,12,6.58
321,Port Lincoln,AU,2021-08-07 04:38:05,-34.7333,135.8667,58.17,57,100,2.3
322,Farah,AF,2021-08-07 04:38:06,32.5,62.5,88.75,12,0,6.55
323,Saint George,US,2021-08-07 04:37:01,37.1041,-113.5841,93.79,7,1,3.0
324,San Borja,BO,2021-08-07 04:38:06,-14.8167,-66.85,67.77,56,7,2.82
325,Novoorsk,RU,2021-08-07 04:38:06,51.381,58.9813,68.65,39,10,11.14
326,Rudbar,AF,2021-08-07 04:38:07,30.15,62.6,95.97,12,0,19.3
327,Santa Cruz De Tenerife,ES,2021-08-07 04:38:07,28.4682,-16.2546,73.72,94,90,8.01
328,Tari,NG,2021-08-07 04:38:07,12.4086,4.4914,76.44,84,99,7.31
329,Aginskoye,RU,2021-08-07 04:37:27,51.1,114.53,81.5,43,34,15.39
330,Chiniot,PK,2021-08-07 04:38:08,31.72,72.9789,98.44,39,1,5.75
331,Sarkand,KZ,2021-08-07 04:38:08,45.41,79.9186,81.81,23,91,9.95
332,Bandipur,NP,2021-08-07 04:38:09,27.9333,84.4167,73.13,84,100,1.54
333,Manokwari,ID,2021-08-07 04:38:09,-0.8667,134.0833,81.68,79,78,3.42
334,Shawville,CA,2021-08-07 04:38:09,45.6001,-76.4827,70.68,70,85,5.28
335,Lompoc,US,2021-08-07 04:38:09,34.6391,-120.4579,64.11,89,90,5.75
336,Usinsk,RU,2021-08-07 04:38:10,65.9939,57.5281,53.08,77,100,9.75
337,Huarmey,PE,2021-08-07 04:38:10,-10.0681,-78.1522,63.93,85,4,10.27
338,Rafaela,AR,2021-08-07 04:38:10,-31.2503,-61.4867,59.05,65,3,1.99
339,Kahului,US,2021-08-07 04:36:59,20.8947,-156.47,80.62,76,40,18.41
340,Port Macquarie,AU,2021-08-07 04:38:11,-31.4333,152.9167,62.56,61,0,7.11
341,Luganville,VU,2021-08-07 04:38:11,-15.5333,167.1667,77.74,78,59,12.01
342,Portland,US,2021-08-07 04:33:38,45.5234,-122.6762,73.81,79,40,1.99
343,Bulgan,MN,2021-08-07 04:38:12,48.8125,103.5347,67.12,57,28,6.8
344,Leshukonskoye,RU,2021-08-07 04:38:12,64.8989,45.7622,59.05,59,6,2.71
345,Pacific Grove,US,2021-08-07 04:38:12,36.6177,-121.9166,68.2,91,40,3.0
346,Laguna,US,2021-08-07 04:38:13,38.421,-121.4238,84.49,42,90,4.61
347,Pontianak,ID,2021-08-07 04:38:13,-0.0333,109.3333,93.04,50,72,1.83
348,Izumo,JP,2021-08-07 04:38:13,35.3667,132.7667,91.35,62,75,18.41
349,Jiuquan,CN,2021-08-07 04:38:14,39.7432,98.5174,79.27,18,100,9.31
350,Zhongshu,CN,2021-08-07 04:38:14,24.5167,103.7667,80.35,60,70,7.11
351,Vostok,RU,2021-08-07 04:38:14,46.4856,135.8833,68.02,94,100,1.54
352,Isparta,TR,2021-08-07 04:38:15,38.0,31.0,66.96,48,1,6.35
353,Newcastle,AU,2021-08-07 04:38:15,-32.9272,151.7765,69.19,46,0,4.0
354,Sioux Lookout,CA,2021-08-07 04:38:15,50.1001,-91.917,57.58,100,90,3.44
355,Ust-Kuyga,RU,2021-08-07 04:38:16,70.0167,135.6,72.68,30,39,3.04
356,Sibolga,ID,2021-08-07 04:38:16,1.7427,98.7792,87.28,59,61,5.28
357,Shimoda,JP,2021-08-07 04:38:16,34.6667,138.95,80.96,77,100,13.22
358,Guntakal,IN,2021-08-07 04:38:17,15.1667,77.3833,86.72,51,39,16.75
359,Gat,IL,2021-08-07 04:38:17,31.61,34.7642,88.39,52,0,8.12
360,Oistins,BB,2021-08-07 04:38:17,13.0667,-59.5333,80.69,74,40,11.5
361,Mujiayingzi,CN,2021-08-07 04:38:18,42.1167,118.7833,84.51,29,4,3.71
362,Dali,CN,2021-08-07 04:38:18,25.7,100.1833,76.73,61,93,5.53
363,Cauquenes,CL,2021-08-07 04:37:09,-35.9671,-72.3225,46.62,93,93,3.6
364,Konstantinovka,RU,2021-08-07 04:38:18,49.6167,127.9833,80.4,59,6,5.53
365,Kaeo,NZ,2021-08-07 04:38:19,-35.1,173.7833,60.33,79,5,11.9
366,Bihariganj,IN,2021-08-07 04:38:19,25.7333,86.9833,85.73,78,100,9.73
367,Findlay,US,2021-08-07 04:38:20,41.0442,-83.6499,72.82,73,40,6.91
368,Sao Joao Da Barra,BR,2021-08-07 04:38:20,-21.6403,-41.0511,66.06,68,85,4.45
369,Lakes Entrance,AU,2021-08-07 04:38:20,-37.8811,147.981,64.58,57,88,15.77
370,Bhag,PK,2021-08-07 04:38:21,29.0415,67.8239,100.6,34,11,10.0
371,Aktash,RU,2021-08-07 04:38:21,50.3,87.7333,56.93,51,26,3.09
372,College,US,2021-08-07 04:38:21,64.8569,-147.8028,66.52,82,90,3.44
373,Alice Springs,AU,2021-08-07 04:38:22,-23.7,133.8833,63.95,24,0,12.66
374,Abha,SA,2021-08-07 04:38:22,18.2164,42.5053,66.45,60,20,0.0
375,Jega,NG,2021-08-07 04:38:22,12.2175,4.3792,75.6,86,99,6.67
376,Tucuman,AR,2021-08-07 04:38:23,-26.8241,-65.2226,53.6,76,0,3.44
377,Kostino,RU,2021-08-07 04:38:23,58.9097,53.2691,60.64,59,43,5.23
378,Henties Bay,NA,2021-08-07 04:38:23,-22.116,14.2845,56.66,75,0,5.77
379,Tiznit,MA,2021-08-07 04:38:23,29.5833,-9.5,63.3,88,44,1.81
380,Claresholm,CA,2021-08-07 04:38:24,50.0333,-113.5852,75.18,56,91,6.91
381,Broome,US,2021-08-07 04:38:24,42.2506,-75.833,73.0,89,99,2.8
382,Great Yarmouth,GB,2021-08-07 04:36:50,52.6083,1.7305,55.65,91,24,14.74
383,Port Hardy,CA,2021-08-07 04:38:25,50.6996,-127.4199,57.38,94,90,6.91
384,Sokolo,ML,2021-08-07 04:38:25,14.7328,-6.1219,79.52,73,100,10.98
385,Necochea,AR,2021-08-07 04:38:25,-38.5473,-58.7368,52.03,88,100,10.11
386,Pochutla,MX,2021-08-07 04:38:25,15.7432,-96.4661,75.81,93,100,3.69
387,Kununurra,AU,2021-08-07 04:38:26,-15.7667,128.7333,80.58,17,7,11.5
388,San Juan,AR,2021-08-07 04:37:44,-31.5375,-68.5364,58.57,36,4,2.15
389,Ixtapa,MX,2021-08-07 04:38:27,20.7,-105.2,76.23,99,100,2.37
390,Linjiang,CN,2021-08-07 04:38:27,41.8069,126.9078,86.31,43,16,4.0
391,Buraydah,SA,2021-08-07 04:33:52,26.326,43.975,91.85,11,38,14.12
392,Baykit,RU,2021-08-07 04:38:28,61.67,96.37,78.93,35,77,4.34
393,Tuatapere,NZ,2021-08-07 04:38:28,-46.1333,167.6833,43.83,78,83,10.54
394,Parry Sound,CA,2021-08-07 04:38:28,45.3501,-80.033,69.91,88,97,3.02
395,Torrevieja,ES,2021-08-07 04:38:29,37.9787,-0.6822,77.38,86,0,1.01
396,Canmore,CA,2021-08-07 04:37:42,51.0834,-115.3521,64.24,56,96,2.39
397,Nantucket,US,2021-08-07 04:35:48,41.2835,-70.0995,72.0,95,1,6.91
398,Bonthe,SL,2021-08-07 04:38:29,7.5264,-12.505,75.24,76,95,5.1
399,Honiara,SB,2021-08-07 04:38:30,-9.4333,159.95,82.47,70,39,0.74
400,Batagay-Alyta,RU,2021-08-07 04:38:30,67.8006,130.4114,68.54,35,81,5.3
401,Tshela,CD,2021-08-07 04:38:30,-4.9833,12.9333,70.3,90,100,2.53
402,Pokrovsk,UA,2021-08-07 04:38:31,48.282,37.1758,76.51,51,15,11.81
403,Abhar,IR,2021-08-07 04:38:31,36.1468,49.218,78.75,32,40,12.93
404,Dunedin,NZ,2021-08-07 04:38:31,-45.8742,170.5036,42.8,68,97,10.0
405,Juneau,US,2021-08-07 04:35:35,58.3019,-134.4197,58.84,95,90,4.61
406,Mount Pleasant,US,2021-08-07 04:38:32,32.7941,-79.8626,81.0,92,1,1.99
407,Tromso,NO,2021-08-07 04:38:32,69.6496,18.957,54.25,87,0,0.0
408,Kati,ML,2021-08-07 04:38:32,12.7441,-8.0726,72.01,91,100,3.8
409,Nenjiang,CN,2021-08-07 04:38:33,49.1833,125.2167,77.85,71,2,0.36
410,Mashhad,IR,2021-08-07 04:38:33,36.297,59.6062,84.34,30,0,6.91
411,Aracuai,BR,2021-08-07 04:38:33,-16.8497,-42.0703,62.11,78,98,3.8
412,Kloulklubed,PW,2021-08-07 04:38:34,7.0419,134.2556,75.7,76,97,8.59
413,Beloha,MG,2021-08-07 04:38:34,-25.1667,45.05,67.35,52,3,2.75
414,Nemuro,JP,2021-08-07 04:38:34,43.3236,145.575,86.43,86,68,13.4
415,Uyuni,BO,2021-08-07 04:38:35,-20.4597,-66.825,35.74,21,2,2.62
416,Bo Phloi,TH,2021-08-07 04:38:35,14.3236,99.5161,88.12,57,99,9.55
417,Havoysund,NO,2021-08-07 04:38:35,70.9963,24.6622,61.68,76,99,2.68
418,Gerash,IR,2021-08-07 04:38:36,27.6652,54.1371,86.14,24,3,2.66
419,Puerto Escondido,MX,2021-08-07 04:38:36,15.85,-97.0667,78.69,88,100,3.09
420,Pisco,PE,2021-08-07 04:38:37,-13.7,-76.2167,60.85,88,0,10.36
421,At-Bashi,KG,2021-08-07 04:38:37,41.1702,75.8106,68.4,42,22,3.27
422,Am Timan,TD,2021-08-07 04:38:37,11.0297,20.2827,71.42,89,100,2.33
423,Dunmore East,IE,2021-08-07 04:38:38,52.1514,-6.9861,59.68,70,100,16.06
424,Ust-Nera,RU,2021-08-07 04:38:38,64.5667,143.2,72.18,37,20,2.95
425,Bagdarin,RU,2021-08-07 04:38:38,54.4333,113.6,56.93,97,100,0.96
426,Hualmay,PE,2021-08-07 04:38:39,-11.0964,-77.6139,62.74,85,14,10.4
427,Beringovskiy,RU,2021-08-07 04:38:39,63.05,179.3167,44.17,86,100,22.53
428,Nouadhibou,MR,2021-08-07 04:38:39,20.931,-17.0347,69.84,87,6,13.2
429,Salina,US,2021-08-07 04:38:40,38.8403,-97.6114,82.53,62,1,8.01
430,Deputatskiy,RU,2021-08-07 04:38:40,69.3,139.9,60.98,38,7,4.27
431,Nyurba,RU,2021-08-07 04:38:40,63.2842,118.3319,76.71,40,50,10.42
432,Jiazi,CN,2021-08-07 04:38:40,22.8779,116.067,87.33,75,100,13.2
433,Macusani,PE,2021-08-07 04:38:41,-14.0833,-70.4333,33.64,67,22,2.66
434,Krasnoselkup,RU,2021-08-07 04:38:41,65.7,82.4667,78.1,42,15,3.42
435,Tura,IN,2021-08-07 04:38:41,25.5198,90.2201,79.93,87,100,5.48
436,Bondoukou,CI,2021-08-07 04:38:42,8.0333,-2.8,67.42,98,68,4.05
437,Karaman,TR,2021-08-07 04:38:42,37.0833,33.25,73.09,48,30,15.28
438,Port Hedland,AU,2021-08-07 04:38:43,-20.3167,118.5667,84.25,13,4,21.85
439,Kisangani,CD,2021-08-07 04:38:43,0.5167,25.2,70.09,96,100,0.81
440,Carballo,ES,2021-08-07 04:38:43,43.213,-8.691,61.86,97,36,3.85
441,Cayambe,EC,2021-08-07 04:38:44,0.05,-78.1333,43.86,82,50,6.58
442,Ayagoz,KZ,2021-08-07 04:38:44,47.9714,80.4392,78.62,26,4,8.55
443,Tabou,CI,2021-08-07 04:38:44,4.423,-7.3528,74.32,82,21,6.26
444,Thinadhoo,MV,2021-08-07 04:38:45,0.5333,72.9333,80.67,77,100,15.59
445,Launceston,AU,2021-08-07 04:38:45,-41.45,147.1667,59.81,54,90,12.66
446,Erdenet,MN,2021-08-07 04:38:45,49.0333,104.0833,63.55,68,51,6.76
447,Yerkoy,TR,2021-08-07 04:38:46,39.6381,34.4672,79.65,29,100,6.24
448,Sorrento,IT,2021-08-07 04:38:46,40.626,14.3744,73.29,77,16,4.29
449,Buckeye,US,2021-08-07 04:38:46,33.3703,-112.5838,102.51,35,5,17.27
450,Zeya,RU,2021-08-07 04:38:47,53.75,127.2667,61.63,90,100,5.01
451,Presidencia Roque Saenz Pena,AR,2021-08-07 04:36:37,-26.7852,-60.4388,62.31,51,1,6.89
452,Saint-Francois,FR,2021-08-07 04:38:47,46.4154,3.9054,62.19,94,90,4.61
453,Mukhen,RU,2021-08-07 04:38:48,48.1,136.1,68.34,97,100,5.01
454,Hurghada,EG,2021-08-07 04:38:48,27.2574,33.8129,87.84,30,0,5.75
455,Cockburn Town,TC,2021-08-07 04:38:48,21.4612,-71.1419,82.04,76,7,16.08
456,Itoigawa,JP,2021-08-07 04:38:48,37.0333,137.85,101.3,72,50,4.38
457,Brigantine,US,2021-08-07 04:38:49,39.4101,-74.3646,73.99,87,1,4.61
458,Mirpur Sakro,PK,2021-08-07 04:38:49,24.5474,67.6277,84.42,66,100,13.62
459,Hit,IQ,2021-08-07 04:38:49,33.6416,42.8251,99.79,12,65,6.91
460,Kailua,US,2021-08-07 04:37:54,21.4022,-157.7394,84.18,69,20,11.5
461,Biak,ID,2021-08-07 04:38:50,-0.9131,122.8766,77.04,84,100,7.76
462,Aksarka,RU,2021-08-07 04:38:50,66.5606,67.7975,66.11,66,84,5.82
463,Ust-Kan,RU,2021-08-07 04:38:51,50.9276,84.761,66.0,57,20,2.28
464,Chernyshevskiy,RU,2021-08-07 04:38:51,63.0128,112.4714,73.53,28,47,7.76
465,Ryotsu,JP,2021-08-07 04:38:51,38.0833,138.4333,96.76,57,9,7.16
466,Dandong,CN,2021-08-07 04:35:33,40.1292,124.3947,84.63,61,3,2.95
467,Corinto,GR,2021-08-07 04:38:52,37.9407,22.9573,83.89,76,0,5.66
468,Parana,AR,2021-08-07 04:36:17,-31.732,-60.5238,63.46,74,13,8.14
469,Bermejo,AR,2021-08-07 04:38:52,-32.8833,-68.8,53.51,43,0,3.44
470,Poitiers,FR,2021-08-07 04:38:53,46.5833,0.3333,59.79,55,0,8.05
471,Malaya Purga,RU,2021-08-07 04:38:53,56.5567,53.0043,59.5,59,99,2.46
472,Coihaique,CL,2021-08-07 04:38:53,-45.5752,-72.0662,33.75,86,75,5.75
473,Los Llanos De Aridane,ES,2021-08-07 04:38:54,28.6585,-17.9182,67.75,97,90,10.36
474,Kutum,SD,2021-08-07 04:38:54,14.2,24.6667,71.83,68,100,7.02
475,General Roca,AR,2021-08-07 04:38:54,-39.0333,-67.5833,52.2,50,100,9.42
476,Mildura,AU,2021-08-07 04:38:55,-34.2,142.15,59.07,54,90,6.91
477,Barela,IN,2021-08-07 04:38:55,23.1,80.05,76.01,100,90,12.66
478,Sisimiut,GL,2021-08-07 04:38:55,66.9395,-53.6735,42.24,93,100,9.01
479,Nioro,GM,2021-08-07 04:38:56,13.35,-15.75,74.93,91,99,6.46
480,Lillooet,CA,2021-08-07 04:38:56,50.6856,-121.942,72.36,75,81,5.61
481,Markova,UA,2021-08-07 04:38:56,48.6758,24.4138,58.57,80,3,5.48
482,Nurota,UZ,2021-08-07 04:38:57,40.5614,65.6886,87.89,16,0,5.68
483,Fairbanks,US,2021-08-07 04:37:51,64.8378,-147.7164,66.54,83,90,8.05
484,Huilong,CN,2021-08-07 04:38:57,31.8111,121.655,95.04,69,9,11.83
485,Say,NE,2021-08-07 04:38:57,13.1007,2.3689,81.16,72,93,12.97
486,Talnakh,RU,2021-08-07 04:38:58,69.4865,88.3972,79.86,41,9,7.85
487,Kapoeta,SS,2021-08-07 04:38:58,4.7717,33.5903,78.31,45,44,9.17
488,Athabasca,CA,2021-08-07 04:38:58,54.7169,-113.2854,57.61,80,59,4.14
489,Ponca City,US,2021-08-07 04:38:59,36.707,-97.0856,82.22,76,1,5.99
490,Roebourne,AU,2021-08-07 04:37:19,-20.7833,117.1333,77.23,30,2,21.5
491,Ishigaki,JP,2021-08-07 04:38:59,24.3448,124.1572,86.13,84,75,26.46
492,Bairnsdale,AU,2021-08-07 04:38:59,-37.8333,147.6167,64.47,57,86,5.01
493,Egvekinot,RU,2021-08-07 04:39:00,66.3167,-179.1667,38.82,79,99,17.85
494,Sur,OM,2021-08-07 04:39:00,22.5667,59.5289,93.42,53,25,7.29
495,Angoram,PG,2021-08-07 04:39:00,-4.0625,144.0661,81.34,75,100,2.91
496,Gweta,BW,2021-08-07 04:39:01,-20.1833,25.2333,55.54,30,0,7.07
497,Ilhabela,BR,2021-08-07 04:39:01,-23.7781,-45.3581,66.51,88,89,10.2
498,Okato,NZ,2021-08-07 04:39:01,-39.2,173.8833,53.42,73,65,17.43
499,Muroto,JP,2021-08-07 04:39:02,33.2833,134.15,91.44,75,91,9.93
500,Hayrabolu,TR,2021-08-07 04:39:02,41.2131,27.1069,71.06,53,3,11.5
501,Lundazi,ZM,2021-08-07 04:39:03,-12.2929,33.1782,61.05,54,0,7.02
502,Awbari,LY,2021-08-07 04:39:03,26.5921,12.7805,83.21,14,0,6.82
503,Half Moon Bay,US,2021-08-07 04:39:03,37.4636,-122.4286,72.52,84,20,18.41
504,Takoradi,GH,2021-08-07 04:39:03,4.8845,-1.7554,74.16,88,52,7.78
505,College Station,US,2021-08-07 04:38:57,30.628,-96.3344,78.26,90,1,5.75
506,Tabuk,PH,2021-08-07 04:39:04,17.4189,121.4443,93.81,50,94,3.4
507,Birao,CF,2021-08-07 04:39:04,10.2849,22.7882,71.17,97,100,3.47
508,Luena,AO,2021-08-07 04:39:05,-11.7833,19.9167,48.24,32,2,4.5
509,Ambilobe,MG,2021-08-07 04:39:05,-13.2,49.05,73.35,62,0,2.53
510,Vestmannaeyjar,IS,2021-08-07 04:39:05,63.4427,-20.2734,53.38,88,48,5.46
511,Marzuq,YE,2021-08-07 04:39:05,14.4,46.4667,80.06,56,13,7.72
512,Mikun,RU,2021-08-07 04:39:06,62.3547,50.0771,58.93,54,85,5.46
513,Ephrata,US,2021-08-07 04:39:06,40.1798,-76.1788,75.56,75,1,4.61
514,Dwarka,IN,2021-08-07 04:39:06,22.2394,68.9678,83.21,77,100,13.51
515,Bubaque,GW,2021-08-07 04:39:07,11.2833,-15.8333,79.65,77,100,20.07
516,Komsomolskiy,UZ,2021-08-07 04:39:07,40.4272,71.7189,86.72,23,71,2.3
517,Kapuskasing,CA,2021-08-07 04:39:07,49.4169,-82.4331,51.8,93,90,2.3
518,Trudovoye,RU,2021-08-07 04:39:08,43.3058,132.0817,73.13,88,40,4.47
519,Moron,AR,2021-08-07 04:39:08,-34.6534,-58.6198,60.98,97,73,3.0
520,Mosquera,CO,2021-08-07 04:39:08,4.7059,-74.2302,48.29,93,20,2.3
521,Samarai,PG,2021-08-07 04:39:09,-10.6167,150.6667,77.68,82,97,13.82
522,Tambopata,PE,2021-08-07 04:39:09,-12.7333,-69.1833,66.6,58,0,1.1
523,Gallup,US,2021-08-07 04:39:09,35.5281,-108.7426,75.04,34,1,3.0
524,Nikel,RU,2021-08-07 04:39:10,69.4128,30.222,57.38,70,36,8.52
525,Bastia,FR,2021-08-07 04:39:10,42.6667,9.3333,71.29,83,0,4.61
526,Karancslapujto,HU,2021-08-07 04:39:10,48.15,19.7333,60.62,82,47,2.71
527,Susanville,US,2021-08-07 04:39:11,40.4163,-120.653,69.64,28,90,5.01
528,Durango,MX,2021-08-07 04:35:29,24.8333,-104.8333,63.64,82,87,3.6
529,Avera,US,2021-08-07 04:39:11,33.194,-82.5271,75.7,96,8,3.31
530,Mbuji-Mayi,CD,2021-08-07 04:39:12,-6.15,23.6,72.61,32,41,3.11
531,Totma,RU,2021-08-07 04:39:12,59.9747,42.7642,58.14,84,100,7.54
532,Shagonar,RU,2021-08-07 04:39:12,51.5333,92.8,58.12,94,100,3.6
533,Myitkyina,MM,2021-08-07 04:39:12,25.3833,97.4,83.19,87,98,2.84
534,Agirish,RU,2021-08-07 04:39:13,61.9247,63.0231,58.37,98,100,4.5
535,Cimarron Hills,US,2021-08-07 04:35:10,38.8586,-104.6989,76.84,50,40,6.91
536,Touros,BR,2021-08-07 04:39:13,-5.1989,-35.4608,72.5,86,17,15.41
537,Srednekolymsk,RU,2021-08-07 04:39:14,67.45,153.6833,51.46,72,100,9.86
538,Mapiripan,CO,2021-08-07 04:39:14,2.8892,-72.1256,70.54,93,16,2.06
539,Tocopilla,CL,2021-08-07 04:39:14,-22.092,-70.1979,58.95,71,54,3.51
540,Kenai,US,2021-08-07 04:39:14,60.5544,-151.2583,65.03,85,1,6.91
541,Zarechnyy,RU,2021-08-07 04:39:15,53.2036,45.1923,72.34,45,12,7.45
542,Nizwa,OM,2021-08-07 04:39:15,22.9333,57.5333,98.4,20,4,3.56
543,Grand Gaube,MU,2021-08-07 04:39:16,-20.0064,57.6608,72.37,67,54,5.99
544,Marsh Harbour,BS,2021-08-07 04:39:16,26.5412,-77.0636,83.12,75,1,11.18
545,Ulaangom,MN,2021-08-07 04:39:16,49.9811,92.0667,63.72,59,100,9.24
546,Yulara,AU,2021-08-07 04:39:17,-25.2406,130.9889,64.24,29,0,11.5
547,Buala,SB,2021-08-07 04:39:17,-8.145,159.5921,83.89,63,17,6.8
548,Karaton,ID,2021-08-07 04:39:17,-6.3424,106.1045,87.96,52,10,6.4
549,Talaya,RU,2021-08-07 04:39:18,61.3833,152.75,46.54,86,99,5.88
550,Dukat,RU,2021-08-07 04:39:18,62.55,155.55,44.49,91,100,5.06
551,Zima,RU,2021-08-07 04:39:18,53.9202,102.0442,67.1,70,90,9.4
552,Quatre Cocos,MU,2021-08-07 04:39:19,-20.2078,57.7625,72.09,66,47,13.22
553,Itamaraca,BR,2021-08-07 04:39:19,-7.7478,-34.8256,77.05,86,72,16.15
